readData(),2020-04-30 22:41:13.601
readData(),2020-04-30 22:41:13.697
readData(),2020-04-30 22:41:13.699
readData(),2020-04-30 22:41:13.716
generate_lifter(),2020-04-30 22:41:13.76
generate_lifter(),2020-04-30 22:41:13.76
generate_lifter(),2020-04-30 22:41:13.761
generate_lifter(),2020-04-30 22:41:13.762
generate_lifter(),2020-04-30 22:41:13.763
generate_lifter(),2020-04-30 22:41:13.764
generate_lifter(),2020-04-30 22:41:13.765
generate_lifter(),2020-04-30 22:41:13.766
generate_lifter(),2020-04-30 22:41:13.767
generate_lifter(),2020-04-30 22:41:13.767
generate_lifter(),2020-04-30 22:41:13.768
generate_lifter(),2020-04-30 22:41:13.769
generate_lifter(),2020-04-30 22:41:13.77
generate_lifter(),2020-04-30 22:41:13.773
generate_lifter(),2020-04-30 22:41:13.774
generate_lifter(),2020-04-30 22:41:13.777
generate_lifter(),2020-04-30 22:41:13.777
generate_lifter(),2020-04-30 22:41:13.778
generate_lifter(),2020-04-30 22:41:13.778
generate_lifter(),2020-04-30 22:41:13.779
generate_lifter(),2020-04-30 22:41:13.78
generate_lifter(),2020-04-30 22:41:13.78
generate_lifter(),2020-04-30 22:41:13.781
generate_lifter(),2020-04-30 22:41:13.781
generate_lifter(),2020-04-30 22:41:13.782
generate_lifter(),2020-04-30 22:41:13.782
generate_lifter(),2020-04-30 22:41:13.783
generate_lifter(),2020-04-30 22:41:13.783
generate_lifter(),2020-04-30 22:41:13.784
generate_lifter(),2020-04-30 22:41:13.784
generate_lifter(),2020-04-30 22:41:13.785
generate_lifter(),2020-04-30 22:41:13.785
generate_lifter(),2020-04-30 22:41:13.786
generate_lifter(),2020-04-30 22:41:13.787
generate_lifter(),2020-04-30 22:41:13.787
generate_lifter(),2020-04-30 22:41:13.788
generate_lifter(),2020-04-30 22:41:13.789
generate_lifter(),2020-04-30 22:41:13.789
generate_lifter(),2020-04-30 22:41:13.79
generate_lifter(),2020-04-30 22:41:13.79
generate_lifter(),2020-04-30 22:41:13.792
generate_lifter(),2020-04-30 22:41:13.794
generate_lifter(),2020-04-30 22:41:13.795
generate_lifter(),2020-04-30 22:41:13.796
generate_lifter(),2020-04-30 22:41:13.8
generate_lifter(),2020-04-30 22:41:13.801
generate_lifter(),2020-04-30 22:41:13.802
generate_lifter(),2020-04-30 22:41:13.805
generate_lifter(),2020-04-30 22:41:13.806
generate_lifter(),2020-04-30 22:41:13.809
generate_lifter(),2020-04-30 22:41:13.811
generate_lifter(),2020-04-30 22:41:13.811
generate_lifter(),2020-04-30 22:41:13.812
generate_lifter(),2020-04-30 22:41:13.813
generate_lifter(),2020-04-30 22:41:13.814
generate_lifter(),2020-04-30 22:41:13.815
generate_lifter(),2020-04-30 22:41:13.816
generate_lifter(),2020-04-30 22:41:13.818
generate_lifter(),2020-04-30 22:41:13.821
generate_lifter(),2020-04-30 22:41:13.825
generate_lifter(),2020-04-30 22:41:13.83
generate_lifter(),2020-04-30 22:41:13.831
generate_lifter(),2020-04-30 22:41:13.833
generate_lifter(),2020-04-30 22:41:13.846
generate_lifter(),2020-04-30 22:41:13.847
generate_lifter(),2020-04-30 22:41:13.85
generate_lifter(),2020-04-30 22:41:13.851
generate_lifter(),2020-04-30 22:41:13.852
generate_lifter(),2020-04-30 22:41:13.853
generate_lifter(),2020-04-30 22:41:13.854
generate_lifter(),2020-04-30 22:41:13.856
generate_lifter(),2020-04-30 22:41:13.857
generate_lifter(),2020-04-30 22:41:13.858
generate_lifter(),2020-04-30 22:41:13.858
generate_lifter(),2020-04-30 22:41:13.859
generate_lifter(),2020-04-30 22:41:13.859
generate_lifter(),2020-04-30 22:41:13.86
generate_lifter(),2020-04-30 22:41:13.86
generate_lifter(),2020-04-30 22:41:13.861
generate_lifter(),2020-04-30 22:41:13.861
generate_lifter(),2020-04-30 22:41:13.862
generate_lifter(),2020-04-30 22:41:13.863
generate_lifter(),2020-04-30 22:41:13.863
generate_lifter(),2020-04-30 22:41:13.864
generate_lifter(),2020-04-30 22:41:13.865
generate_lifter(),2020-04-30 22:41:13.866
generate_lifter(),2020-04-30 22:41:13.867
generate_lifter(),2020-04-30 22:41:13.868
generate_lifter(),2020-04-30 22:41:13.869
generate_lifter(),2020-04-30 22:41:13.869
generate_lifter(),2020-04-30 22:41:13.87
generate_lifter(),2020-04-30 22:41:13.871
generate_lifter(),2020-04-30 22:41:13.872
generate_lifter(),2020-04-30 22:41:13.873
generate_lifter(),2020-04-30 22:41:13.874
generate_lifter(),2020-04-30 22:41:13.876
generate_lifter(),2020-04-30 22:41:13.876
generate_lifter(),2020-04-30 22:41:13.877
ability(),2020-04-30 22:41:13.9
ability(),2020-04-30 22:41:13.951
ability(),2020-04-30 22:41:13.957
ability(),2020-04-30 22:41:13.985
ability(),2020-04-30 22:41:13.998
ability(),2020-04-30 22:41:14.001
ability(),2020-04-30 22:41:14.002
ability(),2020-04-30 22:41:14.003
ability(),2020-04-30 22:41:14.005
ability(),2020-04-30 22:41:14.012
Quit(),2020-04-30 22:41:14.015
generate_lifter(),2020-04-30 22:41:14.017
generate_lifter(),2020-04-30 22:41:14.095
generate_lifter(),2020-04-30 22:41:14.126
generate_lifter(),2020-04-30 22:41:14.145
generate_lifter(),2020-04-30 22:41:14.19
generate_lifter(),2020-04-30 22:41:14.201
generate_lifter(),2020-04-30 22:41:14.213
generate_lifter(),2020-04-30 22:41:14.215
generate_lifter(),2020-04-30 22:41:14.217
generate_lifter(),2020-04-30 22:41:14.223
generate_lifter(),2020-04-30 22:41:14.226
generate_lifter(),2020-04-30 22:41:14.228
generate_lifter(),2020-04-30 22:41:14.23
generate_lifter(),2020-04-30 22:41:14.234
generate_lifter(),2020-04-30 22:41:14.235
generate_lifter(),2020-04-30 22:41:14.239
generate_lifter(),2020-04-30 22:41:14.244
generate_lifter(),2020-04-30 22:41:14.251
generate_lifter(),2020-04-30 22:41:14.257
generate_lifter(),2020-04-30 22:41:14.262
generate_lifter(),2020-04-30 22:41:14.263
generate_lifter(),2020-04-30 22:41:14.264
generate_lifter(),2020-04-30 22:41:14.265
generate_lifter(),2020-04-30 22:41:14.266
generate_lifter(),2020-04-30 22:41:14.267
generate_lifter(),2020-04-30 22:41:14.268
generate_lifter(),2020-04-30 22:41:14.27
generate_lifter(),2020-04-30 22:41:14.271
generate_lifter(),2020-04-30 22:41:14.274
generate_lifter(),2020-04-30 22:41:14.275
generate_lifter(),2020-04-30 22:41:14.276
generate_lifter(),2020-04-30 22:41:14.277
generate_lifter(),2020-04-30 22:41:14.277
generate_lifter(),2020-04-30 22:41:14.278
generate_lifter(),2020-04-30 22:41:14.279
generate_lifter(),2020-04-30 22:41:14.28
generate_lifter(),2020-04-30 22:41:14.281
generate_lifter(),2020-04-30 22:41:14.283
generate_lifter(),2020-04-30 22:41:14.283
generate_lifter(),2020-04-30 22:41:14.284
generate_lifter(),2020-04-30 22:41:14.285
generate_lifter(),2020-04-30 22:41:14.286
generate_lifter(),2020-04-30 22:41:14.288
generate_lifter(),2020-04-30 22:41:14.289
generate_lifter(),2020-04-30 22:41:14.29
generate_lifter(),2020-04-30 22:41:14.291
generate_lifter(),2020-04-30 22:41:14.293
generate_lifter(),2020-04-30 22:41:14.294
generate_lifter(),2020-04-30 22:41:14.297
generate_lifter(),2020-04-30 22:41:14.298
generate_lifter(),2020-04-30 22:41:14.299
generate_lifter(),2020-04-30 22:41:14.3
generate_lifter(),2020-04-30 22:41:14.301
generate_lifter(),2020-04-30 22:41:14.303
generate_lifter(),2020-04-30 22:41:14.317
generate_lifter(),2020-04-30 22:41:14.323
generate_lifter(),2020-04-30 22:41:14.324
generate_lifter(),2020-04-30 22:41:14.326
generate_lifter(),2020-04-30 22:41:14.345
generate_lifter(),2020-04-30 22:41:14.346
generate_lifter(),2020-04-30 22:41:14.349
generate_lifter(),2020-04-30 22:41:14.358
generate_lifter(),2020-04-30 22:41:14.38
generate_lifter(),2020-04-30 22:41:14.381
generate_lifter(),2020-04-30 22:41:14.386
generate_lifter(),2020-04-30 22:41:14.401
generate_lifter(),2020-04-30 22:41:14.402
generate_lifter(),2020-04-30 22:41:14.403
generate_lifter(),2020-04-30 22:41:14.404
generate_lifter(),2020-04-30 22:41:14.41
generate_lifter(),2020-04-30 22:41:14.414
generate_lifter(),2020-04-30 22:41:14.417
generate_lifter(),2020-04-30 22:41:14.418
generate_lifter(),2020-04-30 22:41:14.422
generate_lifter(),2020-04-30 22:41:14.434
generate_lifter(),2020-04-30 22:41:14.435
generate_lifter(),2020-04-30 22:41:14.436
generate_lifter(),2020-04-30 22:41:14.438
generate_lifter(),2020-04-30 22:41:14.44
generate_lifter(),2020-04-30 22:41:14.445
generate_lifter(),2020-04-30 22:41:14.446
generate_lifter(),2020-04-30 22:41:14.45
generate_lifter(),2020-04-30 22:41:14.452
generate_lifter(),2020-04-30 22:41:14.454
generate_lifter(),2020-04-30 22:41:14.455
generate_lifter(),2020-04-30 22:41:14.458
generate_lifter(),2020-04-30 22:41:14.459
generate_lifter(),2020-04-30 22:41:14.46
generate_lifter(),2020-04-30 22:41:14.461
generate_lifter(),2020-04-30 22:41:14.463
generate_lifter(),2020-04-30 22:41:14.463
generate_lifter(),2020-04-30 22:41:14.464
generate_lifter(),2020-04-30 22:41:14.465
generate_lifter(),2020-04-30 22:41:14.466
generate_lifter(),2020-04-30 22:41:14.467
generate_lifter(),2020-04-30 22:41:14.467
generate_lifter(),2020-04-30 22:41:14.468
generate_lifter(),2020-04-30 22:41:14.469
generate_lifter(),2020-04-30 22:41:14.47
generate_lifter(),2020-04-30 22:41:14.471
generate_lifter(),2020-04-30 22:41:14.473
generate_lifter(),2020-04-30 22:41:14.475
generate_lifter(),2020-04-30 22:41:14.476
generate_lifter(),2020-04-30 22:41:14.477
generate_lifter(),2020-04-30 22:41:14.477
generate_lifter(),2020-04-30 22:41:14.478
generate_lifter(),2020-04-30 22:41:14.479
generate_lifter(),2020-04-30 22:41:14.48
ShowCards(),2020-04-30 22:41:14.481
